{
    "accuracy": 0.6674698795180722,
    "precision": 0.7749576988155669,
    "recall": 0.45123152709359604,
    "auc": 0.7251394181615392
}